FAT_YEARMONTH,FAT_DAY,FAT_TIME,FATALITY_ID,EVENT_ID,FATALITY_TYPE,FATALITY_DATE,FATALITY_AGE,FATALITY_SEX,FATALITY_LOCATION,EVENT_YEARMONTH
201907,24,0,39451,848403,"I","07/24/2019 00:00:00",9,"M","In Water",201907
201907,13,0,39453,848346,"I","07/13/2019 00:00:00",34,"M","In Water",201907
201907,17,0,39455,848407,"I","07/17/2019 00:00:00",48,"F","In Water",201907
201907,30,0,39470,848556,"D","07/30/2019 00:00:00",18,"M","In Water",201907
201907,4,0,39476,845845,"D","07/04/2019 00:00:00",44,"M","Under Tree",201907
201907,31,0,39481,848847,"D","07/31/2019 00:00:00",22,"M","In Water",201907
201907,22,0,39489,837688,"D","07/22/2019 00:00:00",52,"F","Outside/Open Areas",201907
201907,20,0,39491,849193,"D","07/20/2019 00:00:00",65,"M","Boating",201907
201907,19,0,39511,849401,"D","07/19/2019 00:00:00",9,"F","Outside/Open Areas",201907
201907,20,0,39561,837611,"D","07/20/2019 00:00:00",38,"F","Outside/Open Areas",201907
201907,5,0,39598,855994,"D","07/05/2019 00:00:00",33,"F","Outside/Open Areas",201907
201907,20,0,40620,869769,"D","07/20/2019 00:00:00",32,"M","In Water",201907
201907,10,0,40732,875154,"D","07/10/2019 00:00:00",30,"M","Outside/Open Areas",201907
201907,1,0,41999,927802,"D","07/01/2019 00:00:00",,"","Unknown",201907
201907,1,0,42000,927802,"D","07/01/2019 00:00:00",,"","Unknown",201907
201907,4,0,42005,927804,"D","07/04/2019 00:00:00",,"","Unknown",201907
201907,1,0,42006,927805,"D","07/01/2019 00:00:00",,"","Unknown",201907
201907,2,0,42007,927806,"D","07/02/2019 00:00:00",,"","Unknown",201907
201907,2,0,42008,927806,"D","07/02/2019 00:00:00",,"","Unknown",201907
201907,3,0,42009,927807,"I","07/03/2019 00:00:00",,"","Unknown",201907
201907,3,0,42010,927808,"I","07/03/2019 00:00:00",,"","Unknown",201907
201907,2,0,42033,927803,"D","07/02/2019 00:00:00",,"","Unknown",201907
201907,2,0,42034,927803,"D","07/02/2019 00:00:00",,"","Unknown",201907
201907,2,0,42035,927803,"D","07/02/2019 00:00:00",,"","Unknown",201907
201907,2,0,42036,927803,"D","07/02/2019 00:00:00",,"","Unknown",201907
201907,6,0,42040,928933,"I","07/06/2019 00:00:00",,"","Unknown",201907
201907,6,0,42041,928934,"I","07/06/2019 00:00:00",,"","Unknown",201907
201907,7,0,42042,928935,"D","07/07/2019 00:00:00",,"","Unknown",201907
201907,7,0,42043,928937,"I","07/07/2019 00:00:00",,"","Unknown",201907
201907,10,0,42044,928940,"D","07/10/2019 00:00:00",,"","Unknown",201907
201907,10,0,42045,928941,"D","07/10/2019 00:00:00",,"","Unknown",201907
201907,11,0,42048,928951,"D","07/11/2019 00:00:00",,"","Unknown",201907
201907,11,0,42049,928951,"D","07/11/2019 00:00:00",,"","Unknown",201907
201907,11,0,42050,928952,"D","07/11/2019 00:00:00",,"","Unknown",201907
201907,11,0,42051,928955,"D","07/11/2019 00:00:00",,"","Unknown",201907
201907,13,0,42052,928989,"D","07/13/2019 00:00:00",,"","Unknown",201907
201907,15,0,42055,928995,"D","07/15/2019 00:00:00",,"","Unknown",201907
201907,16,0,42056,928995,"D","07/16/2019 00:00:00",,"","Unknown",201907
201907,16,0,42057,928995,"D","07/16/2019 00:00:00",,"","Unknown",201907
201907,16,0,42058,928996,"D","07/16/2019 00:00:00",,"","Unknown",201907
201907,15,0,42059,928997,"D","07/15/2019 00:00:00",,"","Unknown",201907
201907,17,0,42060,929016,"D","07/17/2019 00:00:00",,"","Unknown",201907
201907,17,0,42061,929017,"D","07/17/2019 00:00:00",,"","Unknown",201907
201907,18,0,42062,929018,"D","07/18/2019 00:00:00",,"","Unknown",201907
201907,19,0,42063,929019,"I","07/19/2019 00:00:00",,"","Unknown",201907
201907,21,0,42064,929029,"D","07/21/2019 00:00:00",,"","Unknown",201907
201907,22,0,42065,929030,"D","07/22/2019 00:00:00",,"","Unknown",201907
201907,22,0,42066,929030,"I","07/22/2019 00:00:00",,"","Unknown",201907
201907,22,0,42067,929031,"I","07/22/2019 00:00:00",,"","Unknown",201907
201907,23,0,42068,929032,"D","07/23/2019 00:00:00",,"","Unknown",201907
201907,23,0,42069,929032,"I","07/23/2019 00:00:00",,"","Unknown",201907
201907,23,0,42070,929033,"I","07/23/2019 00:00:00",,"","Unknown",201907
201907,24,0,42071,929034,"I","07/24/2019 00:00:00",,"","Unknown",201907
201907,27,0,42077,929042,"D","07/27/2019 00:00:00",,"","Unknown",201907
201907,27,0,42078,929042,"D","07/27/2019 00:00:00",,"","Unknown",201907
201912,1,0,39714,858720,"I","12/01/2019 00:00:00",,"","Outside/Open Areas",201912
201907,27,0,42079,929042,"D","07/27/2019 00:00:00",,"","Unknown",201907
201907,27,0,42080,929042,"D","07/27/2019 00:00:00",,"","Unknown",201907
201907,27,0,42081,929042,"D","07/27/2019 00:00:00",,"","Unknown",201907
201907,27,0,42082,929042,"I","07/27/2019 00:00:00",,"","Unknown",201907
201907,27,0,42083,929042,"I","07/27/2019 00:00:00",,"","Unknown",201907
201907,28,0,42084,929042,"D","07/28/2019 00:00:00",,"","Unknown",201907
201907,28,0,42085,929042,"D","07/28/2019 00:00:00",,"","Unknown",201907
201912,5,0,39715,858866,"I","12/05/2019 00:00:00",,"","Unknown",201912
201912,7,0,39720,859399,"I","12/07/2019 00:00:00",,"","Vehicle/Towed Trailer",201912
201903,21,0,38952,828322,"D","03/21/2019 00:00:00",61,"M","Vehicle/Towed Trailer",201903
201909,16,0,40551,868417,"I","09/16/2019 00:00:00",66,"F","Vehicle/Towed Trailer",201909
201907,28,0,42086,929042,"D","07/28/2019 00:00:00",,"","Unknown",201907
201907,27,0,42087,929043,"D","07/27/2019 00:00:00",,"","Unknown",201907
201912,12,0,39764,860326,"D","12/12/2019 00:00:00",65,"M","Outside/Open Areas",201912
201912,15,0,40631,860437,"I","12/15/2019 00:00:00",21,"M","Vehicle/Towed Trailer",201912
201907,28,0,42088,929043,"D","07/28/2019 00:00:00",,"","Unknown",201907
201907,27,0,42089,929045,"D","07/27/2019 00:00:00",,"","Unknown",201907
201912,17,0,39957,862699,"D","12/17/2019 00:00:00",51,"M","Vehicle/Towed Trailer",201912
201912,25,0,39967,863280,"I","12/25/2019 00:00:00",51,"M","Vehicle/Towed Trailer",201912
201912,24,0,40647,863635,"D","12/24/2019 00:00:00",,"M","In Water",201912
201912,24,0,40092,863947,"I","12/24/2019 00:00:00",44,"M","Outside/Open Areas",201912
201912,24,0,40093,863947,"I","12/24/2019 00:00:00",56,"F","Outside/Open Areas",201912
201912,24,0,40241,864941,"D","12/24/2019 00:00:00",,"M","In Water",201912
201912,6,0,40440,866820,"D","12/06/2019 00:00:00",69,"M","In Water",201912
201907,27,0,42090,929045,"D","07/27/2019 00:00:00",,"","Unknown",201907
201907,28,0,42091,929045,"D","07/28/2019 00:00:00",,"","Unknown",201907
201907,28,0,42092,929045,"D","07/28/2019 00:00:00",,"","Unknown",201907
201907,27,0,42093,929046,"D","07/27/2019 00:00:00",,"","Unknown",201907
201907,29,0,42094,929059,"D","07/29/2019 00:00:00",,"","Unknown",201907
201907,29,0,42095,929060,"D","07/29/2019 00:00:00",,"","Unknown",201907
201905,3,0,38924,824183,"D","05/03/2019 00:00:00",74,"F","Vehicle/Towed Trailer",201905
201905,8,0,39548,824193,"D","05/08/2019 00:00:00",58,"M","Outside/Open Areas",201905
201907,2,0,39355,843943,"D","07/02/2019 00:00:00",35,"M","Vehicle/Towed Trailer",201907
201907,11,0,39031,837604,"I","07/11/2019 00:00:00",69,"M","Outside/Open Areas",201907
201907,9,0,39356,825251,"D","07/09/2019 00:00:00",35,"M","In Water",201907
201907,12,0,39032,837604,"D","07/12/2019 00:00:00",40,"M","Unknown",201907
201905,3,0,38925,828940,"D","05/03/2019 00:00:00",55,"M","Vehicle/Towed Trailer",201905
201907,14,0,39033,837604,"I","07/14/2019 00:00:00",70,"M","Permanent Home",201907
201907,18,0,39368,846382,"D","07/18/2019 00:00:00",32,"M","Outside/Open Areas",201907
201907,3,0,39371,846492,"D","07/03/2019 00:00:00",66,"M","Vehicle/Towed Trailer",201907
201907,18,0,39372,846511,"D","07/18/2019 00:00:00",81,"M","Outside/Open Areas",201907
201907,20,0,39386,846821,"D","07/20/2019 00:00:00",18,"M","Ball Field",201907
201907,21,0,39387,846896,"D","07/21/2019 00:00:00",26,"M","Vehicle/Towed Trailer",201907
201907,11,0,39389,846958,"D","07/11/2019 00:00:00",3,"M","Vehicle/Towed Trailer",201907
201907,15,0,39392,846988,"D","07/15/2019 00:00:00",18,"M","In Water",201907
201907,18,0,39035,837612,"D","07/18/2019 00:00:00",65,"M","Permanent Home",201907
201907,19,0,39036,837612,"D","07/19/2019 00:00:00",51,"M","Outside/Open Areas",201907
201907,19,0,39037,837612,"I","07/19/2019 00:00:00",69,"M","Unknown",201907
201907,10,0,39256,839581,"I","07/10/2019 00:00:00",76,"M","Outside/Open Areas",201907
201907,28,0,39257,839729,"D","07/28/2019 00:00:00",71,"M","Unknown",201907
201907,9,0,39395,846438,"D","07/09/2019 00:00:00",46,"F","Vehicle/Towed Trailer",201907
201912,17,0,40519,867694,"I","12/17/2019 00:00:00",91,"M","Vehicle/Towed Trailer",201912
201912,31,0,40599,868392,"I","12/31/2019 00:00:00",65,"M","Vehicle/Towed Trailer",201912
201912,12,0,40555,868562,"I","12/12/2019 00:00:00",71,"F","Vehicle/Towed Trailer",201912
201912,16,0,40558,868646,"I","12/16/2019 00:00:00",59,"F","Outside/Open Areas",201912
201907,31,0,39258,839732,"I","07/31/2019 00:00:00",82,"M","Permanent Structure",201907
201912,16,0,40625,869482,"D","12/16/2019 00:00:00",59,"F","Mobile/Trailer Home",201912
201912,8,0,40616,869527,"D","12/08/2019 00:00:00",29,"F","Outside/Open Areas",201912
201912,30,0,40634,870508,"I","12/30/2019 00:00:00",52,"M","Vehicle/Towed Trailer",201912
201912,25,0,40648,870755,"D","12/25/2019 00:00:00",50,"M","In Water",201912
201912,2,0,40659,870824,"D","12/02/2019 00:00:00",1,"M","Vehicle/Towed Trailer",201912
201907,6,0,39279,840991,"D","07/06/2019 00:00:00",,"M","Under Tree",201907
201907,17,0,39323,842419,"D","07/17/2019 00:00:00",21,"M","Vehicle/Towed Trailer",201907
201905,3,0,38913,828480,"D","05/03/2019 00:00:00",48,"M","Camping",201905
201905,12,0,39538,834603,"D","05/12/2019 00:00:00",60,"F","Vehicle/Towed Trailer",201905
201907,20,0,39335,842990,"D","07/20/2019 00:00:00",32,"F","Outside/Open Areas",201907
201907,21,0,39337,843034,"D","07/21/2019 00:00:00",65,"M","Unknown",201907
201907,9,0,39343,831940,"D","07/09/2019 00:00:00",65,"M","Vehicle/Towed Trailer",201907
201907,9,0,39344,831940,"D","07/09/2019 00:00:00",60,"F","Vehicle/Towed Trailer",201907
201907,14,0,39345,843570,"D","07/14/2019 00:00:00",61,"M","In Water",201907
201907,14,0,39346,843571,"D","07/14/2019 00:00:00",67,"M","In Water",201907
201907,22,0,39352,844245,"D","07/22/2019 00:00:00",,"M","Under Tree",201907
201905,8,0,38531,813210,"D","05/08/2019 00:00:00",69,"M","In Water",201905
201905,21,0,37960,814159,"D","05/21/2019 00:00:00",48,"M","In Water",201905
201905,14,0,37962,814162,"D","05/14/2019 00:00:00",24,"M","In Water",201905
201905,14,0,37963,814162,"D","05/14/2019 00:00:00",5,"M","In Water",201905
201905,4,0,37964,814168,"D","05/04/2019 00:00:00",28,"M","In Water",201905
201905,29,0,38204,815834,"D","05/29/2019 00:00:00",61,"M","Vehicle/Towed Trailer",201905
201905,26,0,38202,816899,"D","05/26/2019 00:00:00",38,"M","In Water",201905
201905,29,0,38353,817969,"D","05/29/2019 00:00:00",55,"F","Under Tree",201905
201905,13,0,38471,818682,"D","05/13/2019 00:00:00",14,"M","In Water",201905
201905,4,0,38472,818683,"D","05/04/2019 00:00:00",74,"M","In Water",201905
201905,22,0,38942,819190,"D","05/22/2019 00:00:00",4,"M","Vehicle/Towed Trailer",201905
201905,27,0,38964,819685,"D","05/27/2019 00:00:00",21,"M","In Water",201905
201905,19,0,38871,821773,"D","05/19/2019 00:00:00",58,"M","Outside/Open Areas",201905
201905,5,0,38779,822591,"I","05/05/2019 00:00:00",32,"M","Outside/Open Areas",201905
201905,9,0,38780,822592,"D","05/09/2019 00:00:00",57,"F","Permanent Structure",201905
201905,11,0,38781,822596,"D","05/11/2019 00:00:00",1,"F","Vehicle/Towed Trailer",201905
201905,4,0,38821,824332,"D","05/04/2019 00:00:00",,"","Unknown",201905
201905,24,0,38824,825161,"D","05/24/2019 00:00:00",75,"M","In Water",201905
201905,18,0,38914,827043,"D","05/18/2019 00:00:00",,"M","Permanent Home",201905
201905,18,0,38956,827076,"D","05/18/2019 00:00:00",,"","Unknown",201905
201905,18,0,38957,827076,"D","05/18/2019 00:00:00",,"","Unknown",201905
201905,4,0,38920,828539,"I","05/04/2019 00:00:00",56,"M","Boating",201905
201905,28,0,38977,831552,"D","05/28/2019 00:00:00",64,"M","In Water",201905
201902,9,0,37864,808882,"I","02/09/2019 00:00:00",52,"F","Vehicle/Towed Trailer",201902
201902,6,0,37885,809854,"D","02/06/2019 00:00:00",53,"F","Outside/Open Areas",201902
201905,2,0,39537,853949,"D","05/02/2019 00:00:00",2,"M","Vehicle/Towed Trailer",201905
201910,21,0,39879,862107,"I","10/21/2019 00:00:00",16,"M","Vehicle/Towed Trailer",201910
201910,26,0,39953,862623,"D","10/26/2019 00:00:00",63,"M","Outside/Open Areas",201910
201912,31,0,40632,870491,"I","12/31/2019 00:00:00",,"","Vehicle/Towed Trailer",201912
201912,8,0,40639,870577,"I","12/08/2019 00:00:00",,"","Unknown",201912
201912,14,0,40640,870577,"I","12/14/2019 00:00:00",,"","Unknown",201912
201912,29,0,40696,873433,"D","12/29/2019 00:00:00",55,"M","Outside/Open Areas",201912
201907,21,0,39396,846517,"D","07/21/2019 00:00:00",61,"F","Permanent Home",201907
201907,11,0,39397,826139,"D","07/11/2019 00:00:00",31,"F","Vehicle/Towed Trailer",201907
201907,11,0,39398,826139,"D","07/11/2019 00:00:00",9,"M","Vehicle/Towed Trailer",201907
201907,22,0,39399,847664,"D","07/22/2019 00:00:00",34,"M","Outside/Open Areas",201907
201907,18,0,39400,847952,"D","07/18/2019 00:00:00",22,"M","Outside/Open Areas",201907
201907,18,0,39401,847952,"D","07/18/2019 00:00:00",42,"M","Outside/Open Areas",201907
201907,18,0,39407,846215,"I","07/18/2019 00:00:00",77,"M","Vehicle/Towed Trailer",201907
201902,24,0,38233,810342,"D","02/24/2019 00:00:00",59,"M","Vehicle/Towed Trailer",201902
201902,21,0,37912,811049,"D","02/21/2019 00:00:00",62,"M","Vehicle/Towed Trailer",201902
201901,20,0,37928,811925,"I","01/20/2019 00:00:00",59,"M","Permanent Home",201901
201901,20,0,37929,811925,"I","01/20/2019 00:00:00",91,"M","Permanent Home",201901
201901,18,0,37926,811941,"I","01/18/2019 00:00:00",20,"F","Vehicle/Towed Trailer",201901
201901,18,0,37927,811941,"I","01/18/2019 00:00:00",58,"F","Vehicle/Towed Trailer",201901
201901,23,0,37930,812258,"I","01/23/2019 00:00:00",68,"M","Outside/Open Areas",201901
201902,17,0,37935,812703,"I","02/17/2019 00:00:00",39,"M","Vehicle/Towed Trailer",201902
201902,17,0,37936,812703,"I","02/17/2019 00:00:00",24,"F","Vehicle/Towed Trailer",201902
201903,15,0,38857,813018,"D","03/15/2019 00:00:00",,"M","Unknown",201903
201902,27,0,37947,813103,"I","02/27/2019 00:00:00",54,"M","Vehicle/Towed Trailer",201902
201901,31,0,38808,819969,"D","01/31/2019 00:00:00",62,"M","Outside/Open Areas",201901
201901,29,0,38807,819969,"I","01/29/2019 00:00:00",55,"M","Permanent Structure",201901
201901,26,0,38802,824106,"I","01/26/2019 00:00:00",,"M","Outside/Open Areas",201901
201902,1,0,38809,824123,"D","02/01/2019 00:00:00",56,"M","Outside/Open Areas",201902
201902,3,0,38810,824124,"D","02/03/2019 00:00:00",56,"M","Vehicle/Towed Trailer",201902
201911,11,0,39669,856740,"I","11/11/2019 00:00:00",54,"F","Vehicle/Towed Trailer",201911
201911,19,0,39641,856890,"I","11/19/2019 00:00:00",47,"M","Vehicle/Towed Trailer",201911
201911,26,0,39680,857758,"I","11/26/2019 00:00:00",,"","Vehicle/Towed Trailer",201911
201911,25,0,39730,859870,"D","11/25/2019 00:00:00",52,"M","Outside/Open Areas",201911
201911,27,0,39751,860238,"D","11/27/2019 00:00:00",39,"F","Permanent Structure",201911
201911,28,0,39758,860239,"D","11/28/2019 00:00:00",78,"F","Other",201911
201911,28,0,39759,860239,"D","11/28/2019 00:00:00",75,"M","Outside/Open Areas",201911
201911,28,0,39760,860239,"D","11/28/2019 00:00:00",61,"M","Outside/Open Areas",201911
201911,29,0,39757,860244,"D","11/29/2019 00:00:00",52,"F","Vehicle/Towed Trailer",201911
201911,29,0,39857,860312,"D","11/29/2019 00:00:00",6,"F","Outside/Open Areas",201911
201911,29,0,39858,860312,"D","11/29/2019 00:00:00",5,"M","Outside/Open Areas",201911
201911,29,0,39859,860312,"D","11/29/2019 00:00:00",5,"F","Outside/Open Areas",201911
201911,16,0,39771,860446,"D","11/16/2019 00:00:00",23,"F","In Water",201911
201911,22,0,40513,861420,"I","11/22/2019 00:00:00",46,"M","Vehicle/Towed Trailer",201911
201911,6,0,39854,861700,"I","11/06/2019 00:00:00",38,"M","Vehicle/Towed Trailer",201911
201911,10,0,39855,861730,"D","11/10/2019 00:00:00",41,"M","Outside/Open Areas",201911
201911,6,0,39856,861732,"D","11/06/2019 00:00:00",55,"M","Outside/Open Areas",201911
201911,20,0,39861,861864,"I","11/20/2019 00:00:00",50,"F","Vehicle/Towed Trailer",201911
201911,27,0,39961,863040,"I","11/27/2019 00:00:00",59,"M","Vehicle/Towed Trailer",201911
201911,30,0,40012,863301,"D","11/30/2019 00:00:00",8,"M","Vehicle/Towed Trailer",201911
201911,30,0,40013,863301,"D","11/30/2019 00:00:00",5,"M","Vehicle/Towed Trailer",201911
201911,30,0,40014,863301,"D","11/30/2019 00:00:00",48,"M","Vehicle/Towed Trailer",201911
201911,6,0,40514,863621,"D","11/06/2019 00:00:00",57,"M","Vehicle/Towed Trailer",201911
201911,9,0,40291,863848,"D","11/09/2019 00:00:00",23,"F","Outside/Open Areas",201911
201911,11,0,40287,865660,"I","11/11/2019 00:00:00",61,"M","Vehicle/Towed Trailer",201911
201905,27,0,38921,817483,"D","05/27/2019 00:00:00",82,"M","Permanent Home",201905
201910,1,0,39478,848560,"D","10/01/2019 00:00:00",15,"M","In Water",201910
201910,1,0,39479,848560,"D","10/01/2019 00:00:00",16,"M","In Water",201910
201910,31,0,39842,859118,"D","10/31/2019 00:00:00",82,"M","Outside/Open Areas",201910
201910,11,0,39848,861463,"I","10/11/2019 00:00:00",55,"M","Permanent Home",201910
201910,11,0,39849,861464,"I","10/11/2019 00:00:00",55,"M","Permanent Home",201910
201910,31,0,39880,862270,"D","10/31/2019 00:00:00",57,"F","Vehicle/Towed Trailer",201910
201910,26,0,40284,865249,"D","10/26/2019 00:00:00",34,"M","Outside/Open Areas",201910
201909,19,0,40596,869176,"D","09/19/2019 00:00:00",52,"M","In Water",201909
201909,19,0,40597,858116,"D","09/19/2019 00:00:00",56,"M","Vehicle/Towed Trailer",201909
201909,1,0,42269,931187,"D","09/01/2019 00:00:00",,"","Unknown",201909
201909,1,0,42270,931188,"D","09/01/2019 00:00:00",,"","Unknown",201909
201909,2,0,42271,931189,"D","09/02/2019 00:00:00",,"","Unknown",201909
201909,2,0,42272,931189,"D","09/02/2019 00:00:00",,"","Unknown",201909
201909,2,0,42273,931191,"D","09/02/2019 00:00:00",,"","Unknown",201909
201909,3,0,42274,931199,"D","09/03/2019 00:00:00",,"","Unknown",201909
201909,4,0,42277,931207,"D","09/04/2019 00:00:00",,"","Unknown",201909
201909,6,0,42279,931237,"D","09/06/2019 00:00:00",,"","Unknown",201909
201909,6,0,42280,931238,"D","09/06/2019 00:00:00",,"","Unknown",201909
201909,7,0,42281,931241,"D","09/07/2019 00:00:00",,"","Unknown",201909
201909,7,0,42282,931242,"D","09/07/2019 00:00:00",,"","Unknown",201909
201909,8,0,42283,931256,"D","09/08/2019 00:00:00",,"","Unknown",201909
201909,9,0,42284,931257,"D","09/09/2019 00:00:00",,"","Unknown",201909
201909,9,0,42285,931258,"D","09/09/2019 00:00:00",,"","Unknown",201909
201909,13,0,42286,931263,"D","09/13/2019 00:00:00",,"","Unknown",201909
201909,13,0,42287,931263,"D","09/13/2019 00:00:00",,"","Unknown",201909
201909,14,0,42288,931264,"D","09/14/2019 00:00:00",,"","Unknown",201909
201909,5,0,42306,931210,"D","09/05/2019 00:00:00",,"","Unknown",201909
201909,3,0,42309,931200,"D","09/03/2019 00:00:00",3,"F","Vehicle/Towed Trailer",201909
201910,11,0,39850,861465,"I","10/11/2019 00:00:00",55,"M","Permanent Home",201910
201907,30,0,42100,929061,"D","07/30/2019 00:00:00",,"","Unknown",201907
201907,30,0,42101,929061,"I","07/30/2019 00:00:00",,"","Unknown",201907
201907,30,0,42104,929062,"D","07/30/2019 00:00:00",,"","Unknown",201907
201907,31,0,42105,929063,"I","07/31/2019 00:00:00",,"","Unknown",201907
201907,31,0,42106,929063,"I","07/31/2019 00:00:00",,"","Unknown",201907
201907,31,0,42107,929064,"D","07/31/2019 00:00:00",,"","Unknown",201907
201907,24,0,42108,929035,"I","07/24/2019 00:00:00",,"","Unknown",201907
201907,25,0,42109,929066,"I","07/25/2019 00:00:00",,"","Unknown",201907
201907,26,0,42110,929068,"D","07/26/2019 00:00:00",,"","Unknown",201907
201907,26,0,42111,929068,"I","07/26/2019 00:00:00",,"","Unknown",201907
201907,26,0,42112,929069,"D","07/26/2019 00:00:00",,"","Unknown",201907
201907,14,0,42115,928990,"D","07/14/2019 00:00:00",,"","Unknown",201907
201907,14,0,42116,928990,"D","07/14/2019 00:00:00",,"","Unknown",201907
201907,14,0,42117,929070,"D","07/14/2019 00:00:00",,"","Unknown",201907
201907,14,0,42118,929070,"I","07/14/2019 00:00:00",,"","Unknown",201907
201907,10,0,44780,875155,"D","07/10/2019 00:00:00",25,"M","Outside/Open Areas",201907
201907,12,0,44781,875155,"D","07/12/2019 00:00:00",22,"M","Outside/Open Areas",201907
201907,11,0,44782,875155,"D","07/11/2019 00:00:00",19,"M","Outside/Open Areas",201907
201907,21,0,44783,875284,"D","07/21/2019 00:00:00",22,"F","Outside/Open Areas",201907
201909,20,0,39457,845904,"D","09/20/2019 00:00:00",60,"M","In Water",201909
201909,23,0,39458,846943,"D","09/23/2019 00:00:00",29,"M","In Water",201909
201909,1,0,39464,846563,"I","09/01/2019 00:00:00",68,"M","Unknown",201909
201909,2,0,39465,846565,"I","09/02/2019 00:00:00",72,"M","Unknown",201909
201909,2,0,39466,846565,"I","09/02/2019 00:00:00",62,"M","Unknown",201909
201909,2,0,39467,846565,"I","09/02/2019 00:00:00",56,"M","Unknown",201909
201909,4,0,39468,846567,"I","09/04/2019 00:00:00",86,"M","Unknown",201909
201909,30,0,39469,848441,"D","09/30/2019 00:00:00",25,"M","In Water",201909
201909,15,0,39480,848846,"D","09/15/2019 00:00:00",25,"M","In Water",201909
201909,4,0,39482,849021,"D","09/04/2019 00:00:00",,"","Vehicle/Towed Trailer",201909
201909,21,0,39530,852617,"I","09/21/2019 00:00:00",3,"M","Vehicle/Towed Trailer",201909
201910,2,0,39571,855382,"D","10/02/2019 00:00:00",55,"M","Outside/Open Areas",201909
201909,15,0,39599,856108,"D","09/15/2019 00:00:00",16,"M","In Water",201909
201903,13,0,38391,801196,"I","03/13/2019 00:00:00",52,"M","Vehicle/Towed Trailer",201903
201903,3,0,37379,801550,"D","03/03/2019 00:00:00",53,"M","Outside/Open Areas",201903
201903,9,0,37842,801603,"D","03/09/2019 00:00:00",25,"M","Outside/Open Areas",201903
201903,13,0,37402,802414,"I","03/13/2019 00:00:00",28,"M","Vehicle/Towed Trailer",201903
201903,14,0,38462,802871,"D","03/14/2019 00:00:00",51,"M","Outside/Open Areas",201903
201903,13,0,37662,805599,"D","03/13/2019 00:00:00",,"M","Boating",201903
201903,5,0,37852,807189,"D","03/05/2019 00:00:00",59,"M","Vehicle/Towed Trailer",201903
201903,30,0,37861,808622,"D","03/30/2019 00:00:00",60,"M","In Water",201903
201903,22,0,37908,811033,"I","03/22/2019 00:00:00",27,"F","Vehicle/Towed Trailer",201903
201903,4,0,38184,813465,"D","03/04/2019 00:00:00",37,"M","Vehicle/Towed Trailer",201903
201903,3,0,38136,813640,"D","03/03/2019 00:00:00",59,"F","Mobile/Trailer Home",201903
201903,3,0,38137,813640,"D","03/03/2019 00:00:00",68,"F","Mobile/Trailer Home",201903
201903,3,0,38138,813640,"D","03/03/2019 00:00:00",69,"F","Mobile/Trailer Home",201903
201903,3,0,38139,813640,"D","03/03/2019 00:00:00",63,"M","Mobile/Trailer Home",201903
201903,3,0,38140,813640,"D","03/03/2019 00:00:00",62,"F","Mobile/Trailer Home",201903
201903,3,0,38145,813640,"D","03/03/2019 00:00:00",65,"M","Mobile/Trailer Home",201903
201903,3,0,38146,813640,"D","03/03/2019 00:00:00",63,"F","Mobile/Trailer Home",201903
201903,3,0,38147,813640,"D","03/03/2019 00:00:00",38,"M","Mobile/Trailer Home",201903
201903,3,0,38148,813640,"D","03/03/2019 00:00:00",86,"M","Mobile/Trailer Home",201903
201903,3,0,38149,813640,"D","03/03/2019 00:00:00",59,"M","Mobile/Trailer Home",201903
201903,3,0,38150,813640,"D","03/03/2019 00:00:00",59,"F","Mobile/Trailer Home",201903
201903,3,0,38151,813640,"D","03/03/2019 00:00:00",10,"M","Mobile/Trailer Home",201903
201903,3,0,38152,813640,"D","03/03/2019 00:00:00",53,"M","Mobile/Trailer Home",201903
201903,3,0,38153,813640,"D","03/03/2019 00:00:00",41,"F","Mobile/Trailer Home",201903
201903,3,0,38154,813640,"D","03/03/2019 00:00:00",6,"M","Mobile/Trailer Home",201903
201903,3,0,38155,813640,"D","03/03/2019 00:00:00",22,"F","Mobile/Trailer Home",201903
201903,3,0,38156,813640,"D","03/03/2019 00:00:00",22,"M","Mobile/Trailer Home",201903
201903,3,0,38157,813640,"D","03/03/2019 00:00:00",9,"M","Mobile/Trailer Home",201903
201903,3,0,38158,813640,"D","03/03/2019 00:00:00",8,"F","Mobile/Trailer Home",201903
201903,3,0,38141,813640,"D","03/03/2019 00:00:00",57,"F","Permanent Home",201903
201903,3,0,38142,813640,"D","03/03/2019 00:00:00",89,"M","Permanent Home",201903
201903,3,0,38143,813640,"D","03/03/2019 00:00:00",53,"M","Permanent Home",201903
201903,3,0,38144,813640,"D","03/03/2019 00:00:00",83,"F","Permanent Home",201903
201903,2,0,37974,814646,"I","03/02/2019 00:00:00",63,"M","Outside/Open Areas",201903
201903,3,0,37975,814646,"I","03/03/2019 00:00:00",69,"M","Permanent Home",201903
201903,13,0,37976,814656,"D","03/13/2019 00:00:00",62,"M","Outside/Open Areas",201903
201903,14,0,37977,814656,"D","03/14/2019 00:00:00",44,"M","Outside/Open Areas",201903
201903,13,0,38205,815401,"D","03/13/2019 00:00:00",68,"M","Outside/Open Areas",201903
201903,14,0,38206,815401,"I","03/14/2019 00:00:00",50,"F","Permanent Home",201903
201903,14,0,38207,815401,"I","03/14/2019 00:00:00",55,"M","Permanent Home",201903
201903,29,0,38198,815435,"D","03/29/2019 00:00:00",74,"F","Outside/Open Areas",201903
201903,22,0,38466,818414,"D","03/22/2019 00:00:00",39,"M","Outside/Open Areas",201903
201907,4,0,38799,823729,"D","07/04/2019 00:00:00",22,"M","In Water",201907
201907,14,0,38853,826570,"D","07/14/2019 00:00:00",36,"M","Outside/Open Areas",201907
201907,5,0,38856,826858,"I","07/05/2019 00:00:00",,"M","Under Tree",201907
201907,14,0,38864,826922,"D","07/14/2019 00:00:00",53,"M","In Water",201907
201907,14,0,38865,826922,"D","07/14/2019 00:00:00",39,"M","In Water",201907
201907,18,0,38876,827623,"D","07/18/2019 00:00:00",,"M","Permanent Home",201907
201907,21,0,38940,829416,"D","07/21/2019 00:00:00",32,"M","Outside/Open Areas",201907
201907,13,0,38954,831164,"D","07/13/2019 00:00:00",59,"M","Boating",201907
201907,30,0,38970,832259,"D","07/30/2019 00:00:00",73,"M","Unknown",201907
201907,30,0,38971,832259,"D","07/30/2019 00:00:00",73,"F","Unknown",201907
201907,9,0,38974,832228,"D","07/09/2019 00:00:00",40,"M","In Water",201907
201905,22,0,38935,828197,"D","05/22/2019 00:00:00",56,"F","Mobile/Trailer Home",201905
201905,22,0,38933,828197,"D","05/22/2019 00:00:00",86,"M","Permanent Home",201905
201905,22,0,38934,828197,"D","05/22/2019 00:00:00",83,"F","Permanent Home",201905
201903,21,0,38953,828322,"D","03/21/2019 00:00:00",46,"M","Vehicle/Towed Trailer",201903
201905,1,0,38931,828422,"D","05/01/2019 00:00:00",35,"M","Boating",201905
201905,1,0,38932,828422,"D","05/01/2019 00:00:00",23,"M","Boating",201905
201907,6,0,38982,832451,"D","07/06/2019 00:00:00",47,"M","Other",201907
201907,22,0,38989,830279,"D","07/22/2019 00:00:00",19,"F","In Water",201907
201907,1,0,39023,837602,"I","07/01/2019 00:00:00",77,"F","Unknown",201907
201907,1,0,39024,837602,"D","07/01/2019 00:00:00",73,"M","Permanent Home",201907
201907,2,0,39025,837602,"D","07/02/2019 00:00:00",60,"M","Outside/Open Areas",201907
201907,3,0,39026,837602,"I","07/03/2019 00:00:00",55,"M","Unknown",201907
201907,5,0,39027,837602,"D","07/05/2019 00:00:00",71,"M","Outside/Open Areas",201907
201907,5,0,39028,837602,"D","07/05/2019 00:00:00",62,"M","Outside/Open Areas",201907
201907,5,0,39029,837602,"D","07/05/2019 00:00:00",39,"M","Outside/Open Areas",201907
201907,6,0,39030,837602,"D","07/06/2019 00:00:00",64,"M","Outside/Open Areas",201907
201909,29,0,39635,856779,"I","09/29/2019 00:00:00",24,"M","Vehicle/Towed Trailer",201909
201909,1,0,39642,856827,"D","09/01/2019 00:00:00",61,"M","In Water",201909
201909,28,0,39643,856828,"D","09/28/2019 00:00:00",75,"M","In Water",201909
201909,30,0,39644,856829,"D","09/30/2019 00:00:00",58,"M","In Water",201909
201901,19,0,37244,795760,"I","01/19/2019 00:00:00",25,"M","Vehicle/Towed Trailer",201901
201901,21,0,37245,795764,"I","01/21/2019 00:00:00",19,"F","Vehicle/Towed Trailer",201901
201901,11,0,37388,801872,"I","01/11/2019 00:00:00",32,"F","Vehicle/Towed Trailer",201901
201901,11,0,37389,801882,"I","01/11/2019 00:00:00",53,"F","Vehicle/Towed Trailer",201901
201901,11,0,37390,801882,"I","01/11/2019 00:00:00",14,"F","Vehicle/Towed Trailer",201901
201901,21,0,37391,801898,"I","01/21/2019 00:00:00",19,"F","Vehicle/Towed Trailer",201901
201901,29,0,37413,801733,"I","01/29/2019 00:00:00",22,"M","Vehicle/Towed Trailer",201901
201901,3,0,37422,804082,"I","01/03/2019 00:00:00",35,"F","Vehicle/Towed Trailer",201901
201901,3,0,37423,804082,"I","01/03/2019 00:00:00",35,"M","Vehicle/Towed Trailer",201901
201901,3,0,37424,804082,"I","01/03/2019 00:00:00",10,"F","Vehicle/Towed Trailer",201901
201901,31,0,37436,804387,"D","01/31/2019 00:00:00",65,"M","Permanent Home",201901
201901,31,0,37437,804387,"D","01/31/2019 00:00:00",48,"F","Outside/Open Areas",201901
201901,31,0,37438,804387,"D","01/31/2019 00:00:00",59,"M","Outside/Open Areas",201901
201901,31,0,37439,804388,"D","01/31/2019 00:00:00",60,"F","Permanent Home",201901
201901,9,0,37473,804863,"D","01/09/2019 00:00:00",64,"M","In Water",201901
201901,21,0,37477,805136,"I","01/21/2019 00:00:00",,"","Permanent Home",201901
201901,21,0,37478,805136,"I","01/21/2019 00:00:00",,"","Permanent Home",201901
201909,30,0,39665,857268,"D","09/30/2019 00:00:00",3,"F","Vehicle/Towed Trailer",201909
201909,30,0,39666,857268,"D","09/30/2019 00:00:00",3,"F","Vehicle/Towed Trailer",201909
201909,30,0,39667,857053,"D","09/30/2019 00:00:00",68,"M","Boating",201909
201909,14,0,39679,857170,"D","09/14/2019 00:00:00",12,"M","Under Tree",201909
201909,25,0,39681,857924,"D","09/25/2019 00:00:00",,"M","In Water",201909
201909,16,0,39691,858351,"D","09/16/2019 00:00:00",,"","Vehicle/Towed Trailer",201909
201909,28,0,39693,858355,"D","09/28/2019 00:00:00",33,"M","Outside/Open Areas",201909
201909,17,0,39717,858968,"I","09/17/2019 00:00:00",55,"M","Permanent Home",201909
201909,18,0,39728,859730,"D","09/18/2019 00:00:00",62,"M","In Water",201909
201909,2,0,39792,858274,"D","09/02/2019 00:00:00",41,"M","In Water",201909
201909,15,0,39846,861408,"I","09/15/2019 00:00:00",17,"M","Vehicle/Towed Trailer",201909
201909,19,0,40040,856471,"D","09/19/2019 00:00:00",47,"M","Vehicle/Towed Trailer",201909
201909,19,0,40041,856471,"D","09/19/2019 00:00:00",52,"M","Vehicle/Towed Trailer",201909
201909,19,0,40042,856471,"D","09/19/2019 00:00:00",19,"M","In Water",201909
201906,21,0,39320,841554,"D","06/21/2019 00:00:00",38,"M","Vehicle/Towed Trailer",201906
201906,19,0,39322,832796,"D","06/19/2019 00:00:00",19,"M","Mobile/Trailer Home",201906
201906,13,0,39353,844277,"D","06/13/2019 00:00:00",18,"M","Under Tree",201906
201906,13,0,39354,844277,"D","06/13/2019 00:00:00",18,"F","Under Tree",201906
201906,6,0,39438,820917,"D","06/06/2019 00:00:00",37,"M","Vehicle/Towed Trailer",201906
201906,23,0,39445,821439,"D","06/23/2019 00:00:00",1,"M","Vehicle/Towed Trailer",201906
201906,23,0,39564,855043,"D","06/23/2019 00:00:00",0,"","Outside/Open Areas",201906
201906,23,0,39565,855043,"D","06/23/2019 00:00:00",25,"F","Outside/Open Areas",201906
201906,23,0,39566,855043,"D","06/23/2019 00:00:00",0,"","Outside/Open Areas",201906
201906,23,0,39567,855043,"D","06/23/2019 00:00:00",3,"","Outside/Open Areas",201906
201906,1,0,39600,855506,"I","06/01/2019 00:00:00",52,"M","Vehicle/Towed Trailer",201906
201906,10,0,39630,856768,"D","06/10/2019 00:00:00",14,"M","In Water",201906
201906,6,0,40045,863827,"D","06/06/2019 00:00:00",21,"M","Outside/Open Areas",201906
201906,27,0,40055,863859,"D","06/27/2019 00:00:00",55,"M","Heavy Equipment/Construction",201906
201906,14,0,40517,867599,"D","06/14/2019 00:00:00",29,"F","Vehicle/Towed Trailer",201906
201906,14,0,40518,867599,"D","06/14/2019 00:00:00",34,"M","Vehicle/Towed Trailer",201906
201906,12,0,40718,875117,"D","06/12/2019 00:00:00",6,"F","Outside/Open Areas",201906
201906,13,0,40719,875118,"D","06/13/2019 00:00:00",20,"F","Outside/Open Areas",201906
201906,30,0,40722,875142,"D","06/30/2019 00:00:00",18,"M","Outside/Open Areas",201906
201906,30,0,40723,875142,"D","06/30/2019 00:00:00",19,"M","Outside/Open Areas",201906
201906,30,0,40724,875142,"D","06/30/2019 00:00:00",40,"M","Outside/Open Areas",201906
201906,11,0,41873,923398,"D","06/11/2019 00:00:00",,"","Unknown",201906
201906,12,0,41874,923398,"D","06/12/2019 00:00:00",,"","Unknown",201906
201906,12,0,41875,923398,"D","06/12/2019 00:00:00",,"","Unknown",201906
201906,12,0,41876,923398,"D","06/12/2019 00:00:00",,"","Unknown",201906
201906,12,0,41877,923398,"D","06/12/2019 00:00:00",,"","Unknown",201906
201906,14,0,41879,923399,"D","06/14/2019 00:00:00",,"","Unknown",201906
201906,9,0,41880,923397,"D","06/09/2019 00:00:00",,"","Unknown",201906
201906,29,0,41884,923438,"D","06/29/2019 00:00:00",,"","Unknown",201906
201906,29,0,41885,923439,"D","06/29/2019 00:00:00",,"","Unknown",201906
201906,29,0,41886,923440,"D","06/29/2019 00:00:00",,"","Unknown",201906
201912,15,0,40646,869336,"D","12/15/2019 00:00:00",45,"M","Outside/Open Areas",201912
201902,22,0,38201,816788,"D","02/22/2019 00:00:00",76,"M","Vehicle/Towed Trailer",201902
201912,29,0,40624,870174,"D","12/29/2019 00:00:00",20,"F","Vehicle/Towed Trailer",201912
201912,16,0,41960,865237,"D","12/16/2019 00:00:00",35,"M","Mobile/Trailer Home",201912
201912,16,0,41961,865237,"D","12/16/2019 00:00:00",34,"F","Mobile/Trailer Home",201912
201912,16,0,41028,860583,"I","12/16/2019 00:00:00",54,"F","Vehicle/Towed Trailer",201912
201912,16,0,41029,860583,"I","12/16/2019 00:00:00",24,"M","Vehicle/Towed Trailer",201912
201905,26,0,41150,893044,"D","05/26/2019 00:00:00",17,"M","In Water",201905
201905,26,0,41152,893049,"D","05/26/2019 00:00:00",16,"M","Unknown",201905
201901,18,0,37398,802480,"I","01/18/2019 00:00:00",,"","Vehicle/Towed Trailer",201901
201901,8,0,40609,802481,"D","01/08/2019 00:00:00",50,"M","Boating",201901
201901,8,0,40610,802481,"D","01/08/2019 00:00:00",48,"M","Boating",201901
201901,8,0,40611,802481,"D","01/08/2019 00:00:00",50,"M","Boating",201901
201912,10,0,40619,857862,"D","12/10/2019 00:00:00",50,"F","Mobile/Trailer Home",201911
201911,5,0,40447,863855,"I","11/05/2019 00:00:00",15,"M","Vehicle/Towed Trailer",201911
201911,29,0,40598,868057,"I","11/29/2019 00:00:00",37,"M","Vehicle/Towed Trailer",201911
201905,13,0,38997,835579,"D","05/13/2019 00:00:00",20,"M","Vehicle/Towed Trailer",201905
201905,13,0,38998,835579,"D","05/13/2019 00:00:00",19,"F","Vehicle/Towed Trailer",201905
201904,10,0,37831,806480,"D","04/10/2019 00:00:00",,"M","Outside/Open Areas",201904
201904,7,0,37853,807853,"D","04/07/2019 00:00:00",14,"M","In Water",201904
201904,19,0,37863,808706,"D","04/19/2019 00:00:00",18,"M","In Water",201904
201904,11,0,37874,809596,"D","04/11/2019 00:00:00",18,"M","In Water",201904
201904,18,0,37875,809658,"I","04/18/2019 00:00:00",25,"M","Vehicle/Towed Trailer",201904
201904,13,0,37884,810094,"D","04/13/2019 00:00:00",13,"M","In Water",201904
201904,28,0,37900,810666,"D","04/28/2019 00:00:00",,"M","In Water",201904
201904,13,0,37913,811397,"D","04/13/2019 00:00:00",,"","Outside/Open Areas",201904
201904,21,0,37942,812917,"D","04/21/2019 00:00:00",44,"M","In Water",201904
201904,18,0,37944,812914,"D","04/18/2019 00:00:00",18,"M","In Water",201904
201904,9,0,37945,812922,"D","04/09/2019 00:00:00",29,"M","In Water",201904
201904,13,0,37954,813767,"D","04/13/2019 00:00:00",8,"M","Vehicle/Towed Trailer",201904
201904,13,0,37955,813767,"D","04/13/2019 00:00:00",3,"M","Vehicle/Towed Trailer",201904
201904,18,0,37956,813825,"D","04/18/2019 00:00:00",58,"M","In Water",201904
201904,19,0,37965,808514,"D","04/19/2019 00:00:00",20,"M","In Water",201904
201904,25,0,38196,815582,"D","04/25/2019 00:00:00",35,"F","Permanent Home",201904
201904,25,0,38197,815582,"D","04/25/2019 00:00:00",14,"M","Permanent Home",201904
201904,15,0,38200,816762,"D","04/15/2019 00:00:00",78,"F","Permanent Home",201904
201904,30,0,38352,817782,"D","04/30/2019 00:00:00",59,"M","Camping",201904
201904,29,0,38478,818978,"I","04/29/2019 00:00:00",73,"M","Other",201904
201904,29,0,38479,818978,"I","04/29/2019 00:00:00",70,"M","Other",201904
201904,19,0,38482,819348,"D","04/19/2019 00:00:00",9,"M","In Water",201904
201904,19,0,38561,814016,"I","04/19/2019 00:00:00",64,"M","Vehicle/Towed Trailer",201904
201904,15,0,38562,820037,"D","04/15/2019 00:00:00",78,"F","Permanent Home",201904
201904,19,0,38563,820547,"D","04/19/2019 00:00:00",8,"F","Permanent Home",201904
201904,25,0,38570,820642,"I","04/25/2019 00:00:00",62,"M","Outside/Open Areas",201904
201904,13,0,38710,807386,"D","04/13/2019 00:00:00",,"F","Mobile/Trailer Home",201904
201904,12,0,38768,822066,"D","04/12/2019 00:00:00",40,"F","In Water",201904
201904,26,0,38769,822093,"D","04/26/2019 00:00:00",28,"M","Other",201904
201904,24,0,38770,810946,"D","04/24/2019 00:00:00",17,"F","In Water",201904
201904,30,0,38776,822368,"D","04/30/2019 00:00:00",55,"M","Vehicle/Towed Trailer",201904
201904,10,0,38785,819544,"I","04/10/2019 00:00:00",,"M","Vehicle/Towed Trailer",201904
201904,30,0,38786,822242,"D","04/30/2019 00:00:00",58,"F","Mobile/Trailer Home",201904
201904,30,0,38787,822242,"D","04/30/2019 00:00:00",83,"F","Mobile/Trailer Home",201904
201904,29,0,38833,822735,"D","04/29/2019 00:00:00",25,"M","Vehicle/Towed Trailer",201904
201904,24,0,38834,818799,"D","04/24/2019 00:00:00",7,"M","In Water",201904
201904,24,0,38835,818799,"D","04/24/2019 00:00:00",3,"F","In Water",201904
201904,24,0,38836,818799,"D","04/24/2019 00:00:00",27,"F","Vehicle/Towed Trailer",201904
201904,29,0,38875,825300,"D","04/29/2019 00:00:00",58,"M","In Water",201904
201904,13,0,38878,815468,"D","04/13/2019 00:00:00",95,"M","Mobile/Trailer Home",201904
201904,13,0,39005,836420,"D","04/13/2019 00:00:00",80,"F","Vehicle/Towed Trailer",201904
201904,3,0,39278,832504,"D","04/03/2019 00:00:00",22,"M","Vehicle/Towed Trailer",201904
201904,18,0,39391,845854,"D","04/18/2019 00:00:00",81,"M","Vehicle/Towed Trailer",201904
201904,7,0,39722,859545,"D","04/07/2019 00:00:00",11,"M","Outside/Open Areas",201904
201904,18,0,40586,827409,"I","04/18/2019 00:00:00",86,"F","Permanent Home",201904
201904,26,0,41442,916380,"D","04/26/2019 00:00:00",,"","Unknown",201904
201904,28,0,41443,916381,"D","04/28/2019 00:00:00",,"","Unknown",201904
201906,6,0,38341,817354,"D","06/06/2019 00:00:00",97,"M","Outside/Open Areas",201906
201906,9,0,38480,819069,"D","06/09/2019 00:00:00",45,"M","Vehicle/Towed Trailer",201906
201906,20,0,38532,820152,"D","06/20/2019 00:00:00",,"M","In Water",201906
201906,22,0,38559,820397,"D","06/22/2019 00:00:00",48,"M","In Water",201906
201906,23,0,38568,820556,"D","06/23/2019 00:00:00",41,"M","In Water",201906
201906,23,0,38569,820556,"D","06/23/2019 00:00:00",59,"M","In Water",201906
201906,22,0,38574,821108,"D","06/22/2019 00:00:00",49,"M","In Water",201906
201906,24,0,38791,823196,"D","06/24/2019 00:00:00",60,"M","In Water",201906
201906,16,0,38798,821122,"D","06/16/2019 00:00:00",59,"M","Outside/Open Areas",201906
201906,20,0,38801,823786,"D","06/20/2019 00:00:00",61,"M","Outside/Open Areas",201906
201906,10,0,38815,824254,"D","06/10/2019 00:00:00",83,"M","Outside/Open Areas",201906
201906,10,0,38816,824286,"I","06/10/2019 00:00:00",14,"M","In Water",201906
201906,8,0,38817,824287,"D","06/08/2019 00:00:00",33,"M","In Water",201906
201906,11,0,38818,824288,"I","06/11/2019 00:00:00",34,"M","In Water",201906
201906,30,0,38837,825640,"D","06/30/2019 00:00:00",,"F","In Water",201906
201906,8,0,38838,825810,"D","06/08/2019 00:00:00",71,"M","In Water",201906
201906,30,0,38843,826063,"D","06/30/2019 00:00:00",,"","Vehicle/Towed Trailer",201906
201906,23,0,38851,826316,"D","06/23/2019 00:00:00",50,"F","Outside/Open Areas",201906
201906,16,0,38966,829480,"D","06/16/2019 00:00:00",59,"F","Vehicle/Towed Trailer",201906
201906,21,0,38967,823241,"D","06/21/2019 00:00:00",48,"F","Vehicle/Towed Trailer",201906
201906,21,0,38973,823215,"D","06/21/2019 00:00:00",22,"M","Boating",201906
201906,21,0,38978,832399,"D","06/21/2019 00:00:00",31,"F","Other",201906
201906,6,0,38980,832420,"D","06/06/2019 00:00:00",29,"M","Other",201906
201906,27,0,38983,832432,"D","06/27/2019 00:00:00",64,"F","In Water",201906
201906,21,0,38984,832414,"D","06/21/2019 00:00:00",65,"F","In Water",201906
201906,9,0,38992,833717,"I","06/09/2019 00:00:00",55,"F","Boating",201906
201906,9,0,38993,833747,"D","06/09/2019 00:00:00",29,"F","Permanent Structure",201906
201906,9,0,39001,836001,"D","06/09/2019 00:00:00",23,"F","Boating",201906
201906,6,0,39006,836615,"D","06/06/2019 00:00:00",31,"M","Outside/Open Areas",201906
201906,6,0,39007,836615,"I","06/06/2019 00:00:00",78,"M","Outside/Open Areas",201906
201906,8,0,39008,836615,"I","06/08/2019 00:00:00",86,"M","Permanent Home",201906
201906,11,0,39009,836622,"I","06/11/2019 00:00:00",49,"M","Outside/Open Areas",201906
201906,12,0,39010,836622,"D","06/12/2019 00:00:00",53,"M","Outside/Open Areas",201906
201906,12,0,39011,836622,"D","06/12/2019 00:00:00",46,"M","Outside/Open Areas",201906
201906,12,0,39012,836622,"D","06/12/2019 00:00:00",43,"M","Outside/Open Areas",201906
201906,13,0,39013,836622,"I","06/13/2019 00:00:00",74,"F","Outside/Open Areas",201906
201906,13,0,39014,836622,"D","06/13/2019 00:00:00",47,"M","Outside/Open Areas",201906
201906,13,0,39015,836622,"D","06/13/2019 00:00:00",53,"M","Unknown",201906
201906,14,0,39016,836622,"I","06/14/2019 00:00:00",81,"M","Unknown",201906
201906,14,0,39017,836624,"D","06/14/2019 00:00:00",52,"M","Outside/Open Areas",201906
201906,18,0,39018,836625,"D","06/18/2019 00:00:00",26,"M","Permanent Structure",201906
201906,20,0,39019,836625,"I","06/20/2019 00:00:00",51,"M","Unknown",201906
201906,24,0,39020,836626,"D","06/24/2019 00:00:00",72,"M","Outside/Open Areas",201906
201906,30,0,39021,836627,"I","06/30/2019 00:00:00",60,"M","Outside/Open Areas",201906
201906,30,0,39022,836627,"D","06/30/2019 00:00:00",81,"F","Unknown",201906
201906,23,0,39246,835231,"D","06/23/2019 00:00:00",64,"F","Permanent Home",201906
201906,30,0,39250,839173,"D","06/30/2019 00:00:00",39,"M","Under Tree",201906
201906,18,0,39251,837662,"I","06/18/2019 00:00:00",26,"M","In Water",201906
201906,19,0,39252,837666,"I","06/19/2019 00:00:00",16,"M","In Water",201906
201906,23,0,39253,837675,"I","06/23/2019 00:00:00",23,"","In Water",201906
201906,30,0,39276,839347,"D","06/30/2019 00:00:00",1,"F","Vehicle/Towed Trailer",201906
201906,22,0,39281,841056,"D","06/22/2019 00:00:00",4,"M","Vehicle/Towed Trailer",201906
201906,21,0,39283,840706,"D","06/21/2019 00:00:00",1,"F","Vehicle/Towed Trailer",201906
201901,1,0,36805,791368,"D","01/01/2019 00:00:00",,"","Outside/Open Areas",201901
201901,1,0,36806,791368,"D","01/01/2019 00:00:00",,"","Vehicle/Towed Trailer",201901
201901,4,0,36858,791649,"I","01/04/2019 00:00:00",,"","Vehicle/Towed Trailer",201901
201901,5,0,37229,792214,"D","01/05/2019 00:00:00",40,"M","Outside/Open Areas",201901
201901,10,0,36834,792656,"I","01/10/2019 00:00:00",65,"M","Vehicle/Towed Trailer",201901
201901,1,0,36839,792690,"I","01/01/2019 00:00:00",50,"M","Vehicle/Towed Trailer",201901
201901,12,0,37408,793101,"I","01/12/2019 00:00:00",73,"M","Vehicle/Towed Trailer",201901
201901,21,0,36851,793453,"I","01/21/2019 00:00:00",34,"F","Vehicle/Towed Trailer",201901
201901,22,0,36857,793953,"I","01/22/2019 00:00:00",52,"M","Outside/Open Areas",201901
201901,17,0,37204,794220,"D","01/17/2019 00:00:00",26,"M","Outside/Open Areas",201901
201901,17,0,37205,794220,"D","01/17/2019 00:00:00",22,"M","Outside/Open Areas",201901
201901,25,0,37230,794267,"D","01/25/2019 00:00:00",39,"M","Outside/Open Areas",201901
201901,21,0,37231,794275,"D","01/21/2019 00:00:00",50,"M","Outside/Open Areas",201901
201901,23,0,37222,794653,"I","01/23/2019 00:00:00",69,"M","Outside/Open Areas",201901
201902,5,0,37233,795687,"I","02/05/2019 00:00:00",64,"M","Vehicle/Towed Trailer",201902
201902,5,0,37238,795729,"I","02/05/2019 00:00:00",19,"F","Vehicle/Towed Trailer",201902
201902,5,0,37239,795729,"I","02/05/2019 00:00:00",21,"M","Vehicle/Towed Trailer",201902
201902,4,0,37241,795577,"I","02/04/2019 00:00:00",7,"F","Vehicle/Towed Trailer",201902
201902,4,0,37242,795576,"I","02/04/2019 00:00:00",85,"F","Vehicle/Towed Trailer",201902
201902,10,0,37283,797000,"I","02/10/2019 00:00:00",,"M","Vehicle/Towed Trailer",201902
201901,26,0,37223,794955,"I","01/26/2019 00:00:00",28,"M","Outside/Open Areas",201901
201901,28,0,37225,795005,"I","01/28/2019 00:00:00",22,"M","Outside/Open Areas",201901
201901,28,0,37226,795005,"I","01/28/2019 00:00:00",21,"F","Outside/Open Areas",201901
201901,20,0,37232,795342,"D","01/20/2019 00:00:00",,"","Under Tree",201901
201901,30,0,37246,795779,"D","01/30/2019 00:00:00",70,"M","Outside/Open Areas",201901
201901,30,0,37247,795779,"D","01/30/2019 00:00:00",75,"M","Outside/Open Areas",201901
201901,12,0,37269,796115,"I","01/12/2019 00:00:00",52,"M","In Water",201901
201901,12,0,37270,796116,"I","01/12/2019 00:00:00",52,"M","In Water",201901
201901,12,0,37271,796117,"I","01/12/2019 00:00:00",52,"M","In Water",201901
201901,12,0,37272,796118,"I","01/12/2019 00:00:00",52,"M","In Water",201901
201901,6,0,37274,796277,"D","01/06/2019 00:00:00",32,"M","Vehicle/Towed Trailer",201901
201901,7,0,37275,796413,"D","01/07/2019 00:00:00",,"M","In Water",201901
201901,19,0,37404,797311,"I","01/19/2019 00:00:00",63,"M","Outside/Open Areas",201901
201901,12,0,37290,797341,"D","01/12/2019 00:00:00",18,"M","In Water",201901
201901,16,0,37294,797421,"D","01/16/2019 00:00:00",,"M","Outside/Open Areas",201901
201901,16,0,37295,797452,"I","01/16/2019 00:00:00",25,"M","Vehicle/Towed Trailer",201901
201901,16,0,37296,797455,"I","01/16/2019 00:00:00",52,"M","Outside/Open Areas",201901
201901,2,0,37311,797560,"I","01/02/2019 00:00:00",45,"F","Vehicle/Towed Trailer",201901
201901,22,0,37310,797640,"I","01/22/2019 00:00:00",62,"F","Vehicle/Towed Trailer",201901
201901,29,0,37308,797646,"D","01/29/2019 00:00:00",82,"M","Outside/Open Areas",201901
201901,21,0,37369,798982,"I","01/21/2019 00:00:00",71,"F","Outside/Open Areas",201901
201901,30,0,37418,800125,"D","01/30/2019 00:00:00",46,"F","Outside/Open Areas",201901
201901,30,0,37410,800956,"D","01/30/2019 00:00:00",22,"M","Outside/Open Areas",201901
201901,21,0,37395,802239,"I","01/21/2019 00:00:00",74,"M","Vehicle/Towed Trailer",201901
201901,25,0,37394,802250,"D","01/25/2019 00:00:00",35,"M","Outside/Open Areas",201901
201901,27,0,37405,802738,"I","01/27/2019 00:00:00",75,"M","Outside/Open Areas",201901
201901,9,0,37407,802751,"D","01/09/2019 00:00:00",29,"M","Outside/Open Areas",201901
201901,16,0,37421,803882,"D","01/16/2019 00:00:00",75,"M","Outside/Open Areas",201901
201901,27,0,37431,804274,"I","01/27/2019 00:00:00",,"M","Outside/Open Areas",201901
201901,24,0,37430,804274,"I","01/24/2019 00:00:00",78,"F","Vehicle/Towed Trailer",201901
201901,2,0,37445,804444,"D","01/02/2019 00:00:00",,"","Vehicle/Towed Trailer",201901
201901,2,0,37446,804444,"D","01/02/2019 00:00:00",,"","Vehicle/Towed Trailer",201901
201901,2,0,37447,804444,"D","01/02/2019 00:00:00",,"","Vehicle/Towed Trailer",201901
201901,31,0,37440,804490,"D","01/31/2019 00:00:00",69,"M","Outside/Open Areas",201901
201901,8,0,37444,804570,"D","01/08/2019 00:00:00",58,"F","Outside/Open Areas",201901
201901,30,0,37470,804847,"D","01/30/2019 00:00:00",18,"M","Outside/Open Areas",201901
201901,30,0,37467,804848,"D","01/30/2019 00:00:00",72,"M","Outside/Open Areas",201901
201901,30,0,37468,804848,"D","01/30/2019 00:00:00",67,"M","Outside/Open Areas",201901
201901,30,0,37476,804852,"D","01/30/2019 00:00:00",18,"M","Outside/Open Areas",201901
201902,6,0,37285,797147,"D","02/06/2019 00:00:00",54,"M","Vehicle/Towed Trailer",201902
201902,11,0,37301,797507,"I","02/11/2019 00:00:00",50,"M","In Water",201902
201902,11,0,37302,797507,"I","02/11/2019 00:00:00",15,"F","In Water",201902
201902,11,0,37303,797507,"I","02/11/2019 00:00:00",13,"F","In Water",201902
201902,1,0,37309,797647,"D","02/01/2019 00:00:00",72,"F","Permanent Structure",201902
201902,15,0,37316,797740,"I","02/15/2019 00:00:00",74,"F","Vehicle/Towed Trailer",201902
201902,19,0,37324,798371,"D","02/19/2019 00:00:00",47,"M","Outside/Open Areas",201902
201902,16,0,37325,798364,"D","02/16/2019 00:00:00",27,"M","Outside/Open Areas",201902
201902,16,0,37326,798364,"D","02/16/2019 00:00:00",37,"M","Outside/Open Areas",201902
201902,14,0,37392,802037,"D","02/14/2019 00:00:00",84,"M","Vehicle/Towed Trailer",201902
201902,12,0,37412,803312,"D","02/12/2019 00:00:00",52,"F","Under Tree",201902
201902,22,0,37426,804275,"I","02/22/2019 00:00:00",22,"F","Outside/Open Areas",201902
201902,23,0,37464,804812,"D","02/23/2019 00:00:00",60,"M","Vehicle/Towed Trailer",201902
201902,23,0,37465,804812,"D","02/23/2019 00:00:00",58,"M","In Water",201902
201902,15,0,37652,805364,"I","02/15/2019 00:00:00",30,"M","Vehicle/Towed Trailer",201902
201902,2,0,37653,805386,"D","02/02/2019 00:00:00",76,"M","Vehicle/Towed Trailer",201902
201902,7,0,37654,805402,"I","02/07/2019 00:00:00",51,"M","Outside/Open Areas",201902
201902,21,0,37661,805460,"I","02/21/2019 00:00:00",53,"M","Outside/Open Areas",201902
201902,7,0,37681,806035,"D","02/07/2019 00:00:00",58,"M","Vehicle/Towed Trailer",201902
201902,17,0,37832,797540,"I","02/17/2019 00:00:00",,"M","Outside/Open Areas",201902
201902,17,0,37833,797540,"I","02/17/2019 00:00:00",,"F","Outside/Open Areas",201902
201902,27,0,37835,807040,"D","02/27/2019 00:00:00",35,"M","In Water",201902
201902,7,0,37876,808779,"D","02/07/2019 00:00:00",46,"M","Outside/Open Areas",201902
201902,19,0,37883,808917,"I","02/19/2019 00:00:00",29,"M","Vehicle/Towed Trailer",201902
201902,24,0,37894,809516,"I","02/24/2019 00:00:00",30,"M","Outside/Open Areas",201902
201902,18,0,37897,798141,"I","02/18/2019 00:00:00",,"F","Vehicle/Towed Trailer",201902
201902,6,0,37903,810660,"I","02/06/2019 00:00:00",32,"M","Vehicle/Towed Trailer",201902
201902,6,0,37904,810660,"I","02/06/2019 00:00:00",31,"F","Vehicle/Towed Trailer",201902
201902,22,0,37938,812906,"D","02/22/2019 00:00:00",18,"M","Vehicle/Towed Trailer",201902
201902,23,0,37940,799239,"D","02/23/2019 00:00:00",41,"F","Permanent Structure",201902
201902,27,0,37941,799239,"I","02/27/2019 00:00:00",77,"M","Permanent Structure",201902
201908,1,0,38991,833185,"D","08/01/2019 00:00:00",2,"F","Vehicle/Towed Trailer",201908
201908,2,0,39000,835892,"D","08/02/2019 00:00:00",38,"M","In Water",201908
201908,15,0,39041,837669,"D","08/15/2019 00:00:00",28,"M","Outside/Open Areas",201908
201908,19,0,39347,843572,"D","08/19/2019 00:00:00",28,"M","In Water",201908
201908,27,0,39349,843786,"D","08/27/2019 00:00:00",,"F","Outside/Open Areas",201908
201908,30,0,39350,842514,"D","08/30/2019 00:00:00",27,"F","Under Tree",201908
201908,30,0,39351,842514,"D","08/30/2019 00:00:00",55,"F","Under Tree",201908
201908,17,0,39402,847980,"D","08/17/2019 00:00:00",17,"M","In Water",201908
201908,17,0,39403,847980,"D","08/17/2019 00:00:00",16,"M","In Water",201908
201908,22,0,39404,847983,"D","08/22/2019 00:00:00",35,"M","In Water",201908
201908,16,0,39439,845911,"D","08/16/2019 00:00:00",33,"M","Boating",201908
201908,16,0,39440,845911,"D","08/16/2019 00:00:00",38,"M","Boating",201908
201908,7,0,39527,844340,"I","08/07/2019 00:00:00",55,"M","Vehicle/Towed Trailer",201908
201908,4,0,39528,849047,"D","08/04/2019 00:00:00",32,"M","Outside/Open Areas",201908
201908,16,0,39533,852807,"I","08/16/2019 00:00:00",1,"M","Vehicle/Towed Trailer",201908
201908,8,0,39541,854530,"D","08/08/2019 00:00:00",42,"M","In Water",201908
201908,13,0,39545,852818,"D","08/13/2019 00:00:00",1,"M","Vehicle/Towed Trailer",201908
201908,24,0,39546,850143,"D","08/24/2019 00:00:00",47,"F","Vehicle/Towed Trailer",201908
201908,23,0,40037,863509,"D","08/23/2019 00:00:00",23,"M","In Water",201908
201908,5,0,40737,875307,"D","08/05/2019 00:00:00",,"M","Outside/Open Areas",201908
201908,5,0,40738,875307,"D","08/05/2019 00:00:00",26,"M","Outside/Open Areas",201908
201908,14,0,40739,875338,"D","08/14/2019 00:00:00",35,"F","Outside/Open Areas",201908
201908,27,0,40741,875351,"D","08/27/2019 00:00:00",30,"M","Outside/Open Areas",201908
201908,2,0,42204,930994,"D","08/02/2019 00:00:00",,"","Unknown",201908
201908,2,0,42205,930994,"D","08/02/2019 00:00:00",,"","Unknown",201908
201908,2,0,42206,930994,"I","08/02/2019 00:00:00",,"","Unknown",201908
201908,2,0,42207,930995,"D","08/02/2019 00:00:00",,"","Unknown",201908
201908,2,0,42208,930995,"I","08/02/2019 00:00:00",,"","Unknown",201908
201908,3,0,42216,930997,"D","08/03/2019 00:00:00",,"","Unknown",201908
201908,4,0,42217,930997,"D","08/04/2019 00:00:00",,"","Unknown",201908
201908,5,0,42218,930997,"D","08/05/2019 00:00:00",,"","Unknown",201908
201908,5,0,42219,930997,"D","08/05/2019 00:00:00",,"","Unknown",201908
201908,3,0,42220,930998,"D","08/03/2019 00:00:00",,"","Unknown",201908
201908,5,0,42221,930998,"D","08/05/2019 00:00:00",,"","Unknown",201908
201908,4,0,42222,930999,"D","08/04/2019 00:00:00",,"","Unknown",201908
201908,5,0,42223,930999,"D","08/05/2019 00:00:00",,"","Unknown",201908
201908,6,0,42224,931013,"I","08/06/2019 00:00:00",,"","Unknown",201908
201908,6,0,42225,931013,"I","08/06/2019 00:00:00",,"","Unknown",201908
201908,3,0,42226,930996,"D","08/03/2019 00:00:00",,"","Unknown",201908
201908,3,0,42227,930996,"D","08/03/2019 00:00:00",,"","Unknown",201908
201908,4,0,42228,930996,"D","08/04/2019 00:00:00",,"","Unknown",201908
201908,4,0,42229,930996,"D","08/04/2019 00:00:00",,"","Unknown",201908
201908,4,0,42230,930996,"D","08/04/2019 00:00:00",,"","Unknown",201908
201908,5,0,42231,930996,"D","08/05/2019 00:00:00",,"","Unknown",201908
201908,7,0,42232,931018,"I","08/07/2019 00:00:00",,"","Unknown",201908
201908,7,0,42233,931019,"I","08/07/2019 00:00:00",,"","Unknown",201908
201908,7,0,42234,931020,"I","08/07/2019 00:00:00",,"","Unknown",201908
201908,8,0,42235,931021,"D","08/08/2019 00:00:00",,"","Unknown",201908
201908,8,0,42236,931022,"I","08/08/2019 00:00:00",,"","Unknown",201908
201908,13,0,42237,931023,"D","08/13/2019 00:00:00",,"","Unknown",201908
201908,13,0,42238,931023,"D","08/13/2019 00:00:00",,"","Unknown",201908
201908,15,0,42239,931023,"D","08/15/2019 00:00:00",,"","Unknown",201908
201908,16,0,42240,931023,"D","08/16/2019 00:00:00",,"","Unknown",201908
201908,16,0,42241,931023,"D","08/16/2019 00:00:00",,"","Unknown",201908
201908,14,0,42242,931024,"D","08/14/2019 00:00:00",,"","Unknown",201908
201908,15,0,42243,931024,"D","08/15/2019 00:00:00",,"","Unknown",201908
201908,17,0,42244,931049,"I","08/17/2019 00:00:00",,"","Unknown",201908
201905,22,0,39249,814521,"D","05/22/2019 00:00:00",74,"F","Permanent Home",201905
201908,21,0,42245,931060,"D","08/21/2019 00:00:00",,"","Unknown",201908
201908,21,0,42246,931060,"D","08/21/2019 00:00:00",,"","Unknown",201908
201908,20,0,42247,931061,"D","08/20/2019 00:00:00",,"","Unknown",201908
201905,29,0,38199,816590,"D","05/29/2019 00:00:00",15,"M","Boating",201905
201908,21,0,42248,931063,"D","08/21/2019 00:00:00",,"","Unknown",201908
201905,24,0,38859,823979,"D","05/24/2019 00:00:00",28,"M","In Water",201905
201903,5,0,38812,824125,"D","03/05/2019 00:00:00",79,"M","Outside/Open Areas",201903
201903,3,0,38852,826399,"D","03/03/2019 00:00:00",57,"M","Vehicle/Towed Trailer",201903
201908,21,0,42249,931063,"D","08/21/2019 00:00:00",,"","Unknown",201908
201908,21,0,42250,931064,"D","08/21/2019 00:00:00",,"","Unknown",201908
201908,20,0,42251,931065,"D","08/20/2019 00:00:00",,"","Unknown",201908
201908,22,0,42252,931100,"D","08/22/2019 00:00:00",,"","Unknown",201908
201908,22,0,42253,931100,"D","08/22/2019 00:00:00",,"","Unknown",201908
201908,22,0,42254,931101,"I","08/22/2019 00:00:00",,"","Unknown",201908
201908,22,0,42255,931102,"I","08/22/2019 00:00:00",,"","Unknown",201908
201908,25,0,42256,931104,"I","08/25/2019 00:00:00",,"","Unknown",201908
201908,25,0,42257,931105,"I","08/25/2019 00:00:00",,"","Unknown",201908
201905,1,0,38926,828980,"D","05/01/2019 00:00:00",57,"M","Outside/Open Areas",201905
201905,25,0,38987,830307,"D","05/25/2019 00:00:00",54,"M","Mobile/Trailer Home",201905
201905,25,0,38988,830307,"D","05/25/2019 00:00:00",47,"F","Mobile/Trailer Home",201905
201905,21,0,38951,830720,"D","05/21/2019 00:00:00",53,"F","Vehicle/Towed Trailer",201905
201905,21,0,38950,830730,"D","05/21/2019 00:00:00",76,"F","Vehicle/Towed Trailer",201905
201908,27,0,42261,931113,"D","08/27/2019 00:00:00",,"","Unknown",201908
201908,27,0,42262,931112,"D","08/27/2019 00:00:00",,"","Unknown",201908
201908,28,0,42263,931112,"D","08/28/2019 00:00:00",,"","Unknown",201908
201908,28,0,42264,931112,"D","08/28/2019 00:00:00",,"","Unknown",201908
201908,29,0,42265,931116,"I","08/29/2019 00:00:00",,"","Unknown",201908
201908,30,0,42268,931152,"D","08/30/2019 00:00:00",,"","Unknown",201908
201908,30,0,42289,931151,"D","08/30/2019 00:00:00",,"","Unknown",201908
201902,10,0,37879,809877,"I","02/10/2019 00:00:00",27,"M","Vehicle/Towed Trailer",201902
201902,21,0,37886,810291,"I","02/21/2019 00:00:00",25,"M","Vehicle/Towed Trailer",201902
201908,31,0,42290,931151,"I","08/31/2019 00:00:00",,"","Unknown",201908
201908,21,0,44837,875343,"D","08/21/2019 00:00:00",32,"M","Outside/Open Areas",201908
201908,21,0,44838,875343,"D","08/21/2019 00:00:00",21,"M","Outside/Open Areas",201908
201903,13,0,39357,813918,"D","03/13/2019 00:00:00",30,"M","Vehicle/Towed Trailer",201903
201903,14,0,38573,813962,"D","03/14/2019 00:00:00",50,"M","Heavy Equipment/Construction",201903
201903,14,0,38572,813963,"D","03/14/2019 00:00:00",80,"F","Permanent Home",201903
201903,15,0,38571,813990,"D","03/15/2019 00:00:00",55,"M","Vehicle/Towed Trailer",201903
201905,7,0,38939,814199,"D","05/07/2019 00:00:00",53,"M","In Water",201905
201911,12,0,40756,866592,"I","11/12/2019 00:00:00",21,"F","Vehicle/Towed Trailer",201911
201905,26,0,38975,831194,"D","05/26/2019 00:00:00",30,"M","In Water",201905
201905,26,0,38976,831194,"D","05/26/2019 00:00:00",,"M","In Water",201905
201905,24,0,39366,846067,"D","05/24/2019 00:00:00",,"M","In Water",201905
201905,28,0,39477,848643,"D","05/28/2019 00:00:00",64,"M","Vehicle/Towed Trailer",201905
201910,13,0,39724,850181,"D","10/13/2019 00:00:00",43,"M","In Water",201910
201910,29,0,39962,854522,"D","10/29/2019 00:00:00",,"","Vehicle/Towed Trailer",201910
201910,21,0,39560,854867,"D","10/21/2019 00:00:00",48,"F","Mobile/Trailer Home",201910
201910,31,0,39562,854922,"D","10/31/2019 00:00:00",38,"F","Vehicle/Towed Trailer",201910
201910,27,0,39563,855017,"I","10/27/2019 00:00:00",56,"F","Vehicle/Towed Trailer",201910
201910,27,0,39601,856181,"D","10/27/2019 00:00:00",,"F","Camping",201910
201910,4,0,39628,856591,"D","10/04/2019 00:00:00",24,"F","In Water",201910
201910,12,0,39668,857400,"I","10/12/2019 00:00:00",27,"M","In Water",201910
201910,20,0,39960,858302,"D","10/20/2019 00:00:00",66,"M","Permanent Home",201910
201910,19,0,39713,858580,"D","10/19/2019 00:00:00",44,"M","Outside/Open Areas",201910
201910,24,0,39726,859301,"D","10/24/2019 00:00:00",38,"M","In Water",201910
201910,2,0,39729,859729,"D","10/02/2019 00:00:00",50,"M","In Water",201910
201910,10,0,39964,861536,"D","10/10/2019 00:00:00",,"","Mobile/Trailer Home",201910
201910,10,0,39965,861536,"D","10/10/2019 00:00:00",,"","Mobile/Trailer Home",201910
201906,23,0,39301,841235,"D","06/23/2019 00:00:00",64,"F","Vehicle/Towed Trailer",201906
201906,23,0,39302,841246,"D","06/23/2019 00:00:00",62,"M","Vehicle/Towed Trailer",201906
201906,17,0,39315,841676,"D","06/17/2019 00:00:00",40,"M","Vehicle/Towed Trailer",201906
201906,1,0,39316,841752,"I","06/01/2019 00:00:00",,"M","Vehicle/Towed Trailer",201906
